{
	"blocksMapping":{
		"path":"assets/blocks/blocksSnap-Mapping.json",
		"type":"text"
	},
	"blocksAtlasFull":{
		"path":"assets/blocks/blocks-Atlas.png",
		"type":"image"
	},
	"blocksMappingFull":{
		"path":"assets/blocks/blocks-Mapping.json",
		"type":"text"
	},
	"blocksTex":{
		"path":"assets/blocks.json",
		"type":"text"
	},
	"player":{
		"path":"assets/models/player.fbx",
		"type":"fbx"
	},
	"playerTex":{
		"path":"assets/models/player.png",
		"type":"texture"
	},
	"blocksAtlasSnap":{
		"path":"assets/blocks/blocksSnap-Atlas.png",
		"type":"texture"
	},
	"blocksDef":{
		"path":"assets/blocks/blocksDef.json",
		"type":"text"
	},
	"itemsMapping":{
		"path":"assets/items/items-Mapping.json",
		"type":"text"
	},
	"nameList":{
		"path":"assets/nameList.txt",
		"type":"text"
	},
	"config":{
		"path":"assets/config.json",
		"type":"text"
	},
	"blocksModels":{
		"path":"assets/blocks/models.json",
		"type":"text"
	},
	"blocksStates":{
		"path":"assets/blocks/blockStates.json",
		"type":"text"
	}
}
