{
	"grass_block":{
		"side":"grass_block_side",
		"top":"grass_block_top",
		"bottom":"dirt"
	},
	"warped_nylium":{
		"top":"warped_nylium",
		"bottom":"netherrack",
		"side":"warped_nylium_side"
	},
	"77":{
		"top":"spruce_log_top",
		"side":"spruce_log",
		"bottom":"spruce_log_top"
	},
	"78":{
		"nx":"spruce_log",
		"px":"spruce_log",
		"ny":"spruce_log",
		"py":"spruce_log",
		"nz":"spruce_log",
		"pz":"spruce_log"
	},
	"basalt":{
		"top":"basalt_top",
		"side":"basalt_side",
		"bottom":"basalt_top"
	},
	"magma_block":{
		"all":"magma"
	},
	"bone_block":{
		"top":"bone_block_top",
		"side":"bone_block_side",
		"bottom":"bone_block_top"
	}
}